work_order_id,property_id,trade,urgency,status,recommended_vendor_id,recommended_vendor_name,match_score,vendor_sla_pct,vendor_quality,vendor_response_hrs
WO00001,P040,plumbing,low,in-progress,V017,Apex Plumbing Services,86.0,93.7,4.4,11.7
WO00002,P009,general,emergency,in-progress,V016,Granite General Works,72.3,78.6,4.3,24.5
WO00004,P048,plumbing,medium,in-progress,V017,Apex Plumbing Services,86.0,93.7,4.4,11.7
WO00005,P014,general,high,in-progress,V016,Granite General Works,72.3,78.6,4.3,24.5
WO00008,P044,general,high,open,V016,Granite General Works,72.3,78.6,4.3,24.5
WO00009,P007,plumbing,low,in-progress,V017,Apex Plumbing Services,86.0,93.7,4.4,11.7
WO00010,P045,electrical,medium,open,V008,Keystone Electrical Pro,70.0,82.9,3.6,20.5
WO00011,P028,electrical,medium,in-progress,V008,Keystone Electrical Pro,70.0,82.9,3.6,20.5
WO00013,P023,electrical,low,open,V008,Keystone Electrical Pro,70.0,82.9,3.6,20.5
WO00014,P038,HVAC,high,in-progress,V011,Omega Hvac Pro,79.6,83.9,4.4,16.5
WO00016,P031,plumbing,low,open,V017,Apex Plumbing Services,86.0,93.7,4.4,11.7
WO00017,P040,general,high,in-progress,V016,Granite General Works,72.3,78.6,4.3,24.5
WO00022,P026,general,high,in-progress,V016,Granite General Works,72.3,78.6,4.3,24.5
WO00026,P002,plumbing,low,in-progress,V017,Apex Plumbing Services,86.0,93.7,4.4,11.7
WO00028,P005,general,medium,open,V016,Granite General Works,72.3,78.6,4.3,24.5
WO00030,P010,general,medium,open,V016,Granite General Works,72.3,78.6,4.3,24.5
WO00031,P028,plumbing,high,open,V017,Apex Plumbing Services,86.0,93.7,4.4,11.7
WO00032,P006,plumbing,medium,in-progress,V017,Apex Plumbing Services,86.0,93.7,4.4,11.7
WO00034,P021,electrical,medium,in-progress,V008,Keystone Electrical Pro,70.0,82.9,3.6,20.5
WO00036,P032,general,high,open,V016,Granite General Works,72.3,78.6,4.3,24.5
WO00041,P009,plumbing,low,in-progress,V017,Apex Plumbing Services,86.0,93.7,4.4,11.7
WO00047,P032,HVAC,medium,in-progress,V011,Omega Hvac Pro,79.6,83.9,4.4,16.5
WO00053,P010,HVAC,medium,in-progress,V011,Omega Hvac Pro,79.6,83.9,4.4,16.5
WO00057,P021,HVAC,medium,in-progress,V011,Omega Hvac Pro,79.6,83.9,4.4,16.5
WO00059,P016,plumbing,high,in-progress,V017,Apex Plumbing Services,86.0,93.7,4.4,11.7
WO00063,P045,HVAC,medium,open,V011,Omega Hvac Pro,79.6,83.9,4.4,16.5
WO00066,P028,general,high,open,V016,Granite General Works,72.3,78.6,4.3,24.5
WO00067,P032,HVAC,medium,in-progress,V011,Omega Hvac Pro,79.6,83.9,4.4,16.5
WO00074,P043,electrical,high,in-progress,V008,Keystone Electrical Pro,70.0,82.9,3.6,20.5
WO00077,P037,general,low,open,V016,Granite General Works,72.3,78.6,4.3,24.5
WO00085,P044,plumbing,medium,in-progress,V017,Apex Plumbing Services,86.0,93.7,4.4,11.7
WO00088,P035,general,high,in-progress,V016,Granite General Works,72.3,78.6,4.3,24.5
WO00089,P020,plumbing,high,open,V017,Apex Plumbing Services,86.0,93.7,4.4,11.7
WO00090,P038,plumbing,medium,open,V017,Apex Plumbing Services,86.0,93.7,4.4,11.7
WO00095,P016,electrical,medium,in-progress,V008,Keystone Electrical Pro,70.0,82.9,3.6,20.5
WO00097,P040,HVAC,low,open,V011,Omega Hvac Pro,79.6,83.9,4.4,16.5
WO00099,P032,plumbing,medium,open,V017,Apex Plumbing Services,86.0,93.7,4.4,11.7
WO00101,P027,HVAC,medium,in-progress,V011,Omega Hvac Pro,79.6,83.9,4.4,16.5
WO00111,P021,HVAC,low,in-progress,V011,Omega Hvac Pro,79.6,83.9,4.4,16.5
WO00112,P014,electrical,high,in-progress,V008,Keystone Electrical Pro,70.0,82.9,3.6,20.5
WO00117,P008,general,medium,open,V016,Granite General Works,72.3,78.6,4.3,24.5
WO00122,P016,HVAC,low,open,V011,Omega Hvac Pro,79.6,83.9,4.4,16.5
WO00125,P020,general,medium,open,V016,Granite General Works,72.3,78.6,4.3,24.5
WO00126,P032,general,medium,in-progress,V016,Granite General Works,72.3,78.6,4.3,24.5
WO00127,P038,electrical,high,in-progress,V008,Keystone Electrical Pro,70.0,82.9,3.6,20.5
WO00133,P020,HVAC,low,open,V011,Omega Hvac Pro,79.6,83.9,4.4,16.5
WO00135,P044,plumbing,low,open,V017,Apex Plumbing Services,86.0,93.7,4.4,11.7
WO00138,P032,electrical,low,open,V008,Keystone Electrical Pro,70.0,82.9,3.6,20.5
WO00142,P037,electrical,high,in-progress,V008,Keystone Electrical Pro,70.0,82.9,3.6,20.5
WO00145,P038,general,medium,open,V016,Granite General Works,72.3,78.6,4.3,24.5
WO00150,P025,HVAC,medium,in-progress,V011,Omega Hvac Pro,79.6,83.9,4.4,16.5
WO00151,P007,HVAC,emergency,open,V011,Omega Hvac Pro,79.6,83.9,4.4,16.5
WO00154,P014,electrical,medium,in-progress,V008,Keystone Electrical Pro,70.0,82.9,3.6,20.5
WO00157,P022,electrical,high,in-progress,V008,Keystone Electrical Pro,70.0,82.9,3.6,20.5
WO00160,P045,HVAC,low,open,V011,Omega Hvac Pro,79.6,83.9,4.4,16.5
WO00161,P038,plumbing,low,open,V017,Apex Plumbing Services,86.0,93.7,4.4,11.7
WO00165,P029,general,low,open,V016,Granite General Works,72.3,78.6,4.3,24.5
WO00172,P050,HVAC,medium,open,V011,Omega Hvac Pro,79.6,83.9,4.4,16.5
WO00173,P005,plumbing,medium,in-progress,V017,Apex Plumbing Services,86.0,93.7,4.4,11.7
WO00174,P029,general,medium,open,V016,Granite General Works,72.3,78.6,4.3,24.5
WO00178,P043,plumbing,medium,open,V017,Apex Plumbing Services,86.0,93.7,4.4,11.7
WO00184,P038,electrical,medium,in-progress,V008,Keystone Electrical Pro,70.0,82.9,3.6,20.5
WO00185,P016,plumbing,medium,in-progress,V017,Apex Plumbing Services,86.0,93.7,4.4,11.7
WO00189,P003,HVAC,high,open,V011,Omega Hvac Pro,79.6,83.9,4.4,16.5
WO00191,P022,HVAC,emergency,in-progress,V011,Omega Hvac Pro,79.6,83.9,4.4,16.5
WO00197,P021,electrical,medium,in-progress,V008,Keystone Electrical Pro,70.0,82.9,3.6,20.5
WO00203,P021,general,low,open,V016,Granite General Works,72.3,78.6,4.3,24.5
WO00205,P032,electrical,low,in-progress,V008,Keystone Electrical Pro,70.0,82.9,3.6,20.5
WO00210,P012,HVAC,low,in-progress,V011,Omega Hvac Pro,79.6,83.9,4.4,16.5
WO00217,P038,HVAC,medium,in-progress,V011,Omega Hvac Pro,79.6,83.9,4.4,16.5
WO00218,P021,plumbing,medium,open,V017,Apex Plumbing Services,86.0,93.7,4.4,11.7
WO00221,P012,general,medium,in-progress,V016,Granite General Works,72.3,78.6,4.3,24.5
WO00223,P045,general,medium,in-progress,V016,Granite General Works,72.3,78.6,4.3,24.5
WO00224,P023,HVAC,high,in-progress,V011,Omega Hvac Pro,79.6,83.9,4.4,16.5
WO00225,P040,electrical,medium,in-progress,V008,Keystone Electrical Pro,70.0,82.9,3.6,20.5
WO00226,P046,HVAC,medium,open,V011,Omega Hvac Pro,79.6,83.9,4.4,16.5
WO00230,P049,general,medium,in-progress,V016,Granite General Works,72.3,78.6,4.3,24.5
WO00231,P037,HVAC,medium,in-progress,V011,Omega Hvac Pro,79.6,83.9,4.4,16.5
WO00232,P010,plumbing,medium,open,V017,Apex Plumbing Services,86.0,93.7,4.4,11.7
WO00236,P050,general,medium,open,V016,Granite General Works,72.3,78.6,4.3,24.5
WO00239,P005,general,low,open,V016,Granite General Works,72.3,78.6,4.3,24.5
WO00241,P010,general,medium,open,V016,Granite General Works,72.3,78.6,4.3,24.5
WO00242,P031,general,medium,in-progress,V016,Granite General Works,72.3,78.6,4.3,24.5
WO00245,P010,general,medium,in-progress,V016,Granite General Works,72.3,78.6,4.3,24.5
WO00246,P022,general,emergency,in-progress,V016,Granite General Works,72.3,78.6,4.3,24.5
WO00249,P038,HVAC,medium,open,V011,Omega Hvac Pro,79.6,83.9,4.4,16.5
WO00251,P021,HVAC,medium,in-progress,V011,Omega Hvac Pro,79.6,83.9,4.4,16.5
WO00258,P038,HVAC,medium,in-progress,V011,Omega Hvac Pro,79.6,83.9,4.4,16.5
WO00259,P014,plumbing,low,in-progress,V017,Apex Plumbing Services,86.0,93.7,4.4,11.7
WO00261,P031,electrical,high,in-progress,V008,Keystone Electrical Pro,70.0,82.9,3.6,20.5
WO00264,P020,HVAC,medium,open,V011,Omega Hvac Pro,79.6,83.9,4.4,16.5
WO00268,P022,HVAC,low,in-progress,V011,Omega Hvac Pro,79.6,83.9,4.4,16.5
WO00269,P032,HVAC,medium,in-progress,V011,Omega Hvac Pro,79.6,83.9,4.4,16.5
WO00275,P014,general,medium,open,V016,Granite General Works,72.3,78.6,4.3,24.5
WO00278,P040,electrical,medium,in-progress,V008,Keystone Electrical Pro,70.0,82.9,3.6,20.5
WO00279,P029,plumbing,low,open,V017,Apex Plumbing Services,86.0,93.7,4.4,11.7
WO00281,P021,general,medium,in-progress,V016,Granite General Works,72.3,78.6,4.3,24.5
WO00282,P012,general,high,in-progress,V016,Granite General Works,72.3,78.6,4.3,24.5
WO00286,P040,HVAC,medium,in-progress,V011,Omega Hvac Pro,79.6,83.9,4.4,16.5
WO00288,P040,plumbing,medium,open,V017,Apex Plumbing Services,86.0,93.7,4.4,11.7
WO00289,P020,plumbing,low,open,V017,Apex Plumbing Services,86.0,93.7,4.4,11.7
WO00290,P018,electrical,low,in-progress,V008,Keystone Electrical Pro,70.0,82.9,3.6,20.5
WO00291,P007,plumbing,low,in-progress,V017,Apex Plumbing Services,86.0,93.7,4.4,11.7
WO00292,P020,plumbing,low,open,V017,Apex Plumbing Services,86.0,93.7,4.4,11.7
WO00294,P048,plumbing,high,open,V017,Apex Plumbing Services,86.0,93.7,4.4,11.7
WO00295,P018,HVAC,medium,in-progress,V011,Omega Hvac Pro,79.6,83.9,4.4,16.5
WO00296,P005,general,low,in-progress,V016,Granite General Works,72.3,78.6,4.3,24.5
WO00301,P016,HVAC,high,open,V011,Omega Hvac Pro,79.6,83.9,4.4,16.5
WO00303,P031,HVAC,medium,in-progress,V011,Omega Hvac Pro,79.6,83.9,4.4,16.5
WO00312,P037,electrical,medium,in-progress,V008,Keystone Electrical Pro,70.0,82.9,3.6,20.5
WO00322,P050,HVAC,medium,open,V011,Omega Hvac Pro,79.6,83.9,4.4,16.5
WO00324,P036,HVAC,medium,in-progress,V011,Omega Hvac Pro,79.6,83.9,4.4,16.5
WO00325,P005,general,medium,in-progress,V016,Granite General Works,72.3,78.6,4.3,24.5
WO00326,P026,HVAC,high,in-progress,V011,Omega Hvac Pro,79.6,83.9,4.4,16.5
WO00328,P039,HVAC,medium,in-progress,V011,Omega Hvac Pro,79.6,83.9,4.4,16.5
WO00336,P007,HVAC,low,in-progress,V011,Omega Hvac Pro,79.6,83.9,4.4,16.5
WO00337,P014,general,low,open,V016,Granite General Works,72.3,78.6,4.3,24.5
WO00339,P043,plumbing,low,open,V017,Apex Plumbing Services,86.0,93.7,4.4,11.7
WO00340,P048,electrical,low,in-progress,V008,Keystone Electrical Pro,70.0,82.9,3.6,20.5
WO00341,P003,plumbing,low,open,V017,Apex Plumbing Services,86.0,93.7,4.4,11.7
WO00343,P046,general,low,open,V016,Granite General Works,72.3,78.6,4.3,24.5
WO00350,P029,plumbing,high,open,V017,Apex Plumbing Services,86.0,93.7,4.4,11.7
WO00354,P014,plumbing,medium,in-progress,V017,Apex Plumbing Services,86.0,93.7,4.4,11.7
WO00355,P032,plumbing,low,open,V017,Apex Plumbing Services,86.0,93.7,4.4,11.7
WO00356,P031,plumbing,medium,in-progress,V017,Apex Plumbing Services,86.0,93.7,4.4,11.7
WO00358,P012,HVAC,low,in-progress,V011,Omega Hvac Pro,79.6,83.9,4.4,16.5
WO00361,P040,general,low,in-progress,V016,Granite General Works,72.3,78.6,4.3,24.5
WO00362,P021,general,medium,open,V016,Granite General Works,72.3,78.6,4.3,24.5
WO00366,P014,HVAC,high,open,V011,Omega Hvac Pro,79.6,83.9,4.4,16.5
WO00369,P028,electrical,low,open,V008,Keystone Electrical Pro,70.0,82.9,3.6,20.5
WO00375,P031,general,emergency,open,V016,Granite General Works,72.3,78.6,4.3,24.5
WO00378,P049,plumbing,high,in-progress,V017,Apex Plumbing Services,86.0,93.7,4.4,11.7
WO00385,P037,HVAC,low,in-progress,V011,Omega Hvac Pro,79.6,83.9,4.4,16.5
WO00387,P049,general,low,open,V016,Granite General Works,72.3,78.6,4.3,24.5
WO00388,P043,HVAC,low,open,V011,Omega Hvac Pro,79.6,83.9,4.4,16.5
WO00389,P037,plumbing,medium,in-progress,V017,Apex Plumbing Services,86.0,93.7,4.4,11.7
WO00390,P037,electrical,emergency,in-progress,V008,Keystone Electrical Pro,70.0,82.9,3.6,20.5
WO00391,P029,HVAC,high,in-progress,V011,Omega Hvac Pro,79.6,83.9,4.4,16.5
WO00395,P014,general,medium,open,V016,Granite General Works,72.3,78.6,4.3,24.5
WO00397,P004,plumbing,low,in-progress,V017,Apex Plumbing Services,86.0,93.7,4.4,11.7
WO00400,P032,HVAC,medium,in-progress,V011,Omega Hvac Pro,79.6,83.9,4.4,16.5
WO00404,P007,plumbing,medium,open,V017,Apex Plumbing Services,86.0,93.7,4.4,11.7
WO00408,P018,plumbing,low,open,V017,Apex Plumbing Services,86.0,93.7,4.4,11.7
WO00413,P013,plumbing,low,in-progress,V017,Apex Plumbing Services,86.0,93.7,4.4,11.7
WO00417,P014,plumbing,medium,in-progress,V017,Apex Plumbing Services,86.0,93.7,4.4,11.7
WO00422,P007,plumbing,emergency,in-progress,V017,Apex Plumbing Services,86.0,93.7,4.4,11.7
WO00426,P020,electrical,emergency,in-progress,V008,Keystone Electrical Pro,70.0,82.9,3.6,20.5
WO00427,P022,general,emergency,open,V016,Granite General Works,72.3,78.6,4.3,24.5
WO00434,P048,plumbing,medium,open,V017,Apex Plumbing Services,86.0,93.7,4.4,11.7
WO00437,P025,plumbing,low,in-progress,V017,Apex Plumbing Services,86.0,93.7,4.4,11.7
WO00438,P016,plumbing,medium,in-progress,V017,Apex Plumbing Services,86.0,93.7,4.4,11.7
WO00440,P014,electrical,medium,open,V008,Keystone Electrical Pro,70.0,82.9,3.6,20.5
WO00454,P029,general,medium,in-progress,V016,Granite General Works,72.3,78.6,4.3,24.5
WO00455,P043,plumbing,low,open,V017,Apex Plumbing Services,86.0,93.7,4.4,11.7
WO00458,P018,HVAC,low,in-progress,V011,Omega Hvac Pro,79.6,83.9,4.4,16.5
WO00460,P014,HVAC,low,open,V011,Omega Hvac Pro,79.6,83.9,4.4,16.5
WO00462,P002,HVAC,medium,open,V011,Omega Hvac Pro,79.6,83.9,4.4,16.5
WO00467,P014,HVAC,medium,in-progress,V011,Omega Hvac Pro,79.6,83.9,4.4,16.5
WO00468,P040,general,medium,in-progress,V016,Granite General Works,72.3,78.6,4.3,24.5
WO00469,P012,plumbing,medium,in-progress,V017,Apex Plumbing Services,86.0,93.7,4.4,11.7
WO00470,P030,electrical,medium,in-progress,V008,Keystone Electrical Pro,70.0,82.9,3.6,20.5
WO00473,P038,plumbing,high,open,V017,Apex Plumbing Services,86.0,93.7,4.4,11.7
WO00474,P043,plumbing,emergency,open,V017,Apex Plumbing Services,86.0,93.7,4.4,11.7
WO00475,P028,general,medium,in-progress,V016,Granite General Works,72.3,78.6,4.3,24.5
WO00477,P021,general,low,in-progress,V016,Granite General Works,72.3,78.6,4.3,24.5
WO00478,P048,HVAC,medium,in-progress,V011,Omega Hvac Pro,79.6,83.9,4.4,16.5
WO00482,P032,general,medium,in-progress,V016,Granite General Works,72.3,78.6,4.3,24.5
WO00486,P015,electrical,medium,in-progress,V008,Keystone Electrical Pro,70.0,82.9,3.6,20.5
WO00488,P024,general,low,in-progress,V016,Granite General Works,72.3,78.6,4.3,24.5
WO00490,P018,HVAC,medium,open,V011,Omega Hvac Pro,79.6,83.9,4.4,16.5
WO00491,P034,HVAC,high,open,V011,Omega Hvac Pro,79.6,83.9,4.4,16.5
WO00495,P022,general,emergency,in-progress,V016,Granite General Works,72.3,78.6,4.3,24.5
WO00501,P007,HVAC,medium,open,V011,Omega Hvac Pro,79.6,83.9,4.4,16.5
WO00503,P046,HVAC,high,open,V011,Omega Hvac Pro,79.6,83.9,4.4,16.5
WO00510,P022,general,medium,in-progress,V016,Granite General Works,72.3,78.6,4.3,24.5
WO00511,P036,electrical,medium,in-progress,V008,Keystone Electrical Pro,70.0,82.9,3.6,20.5
WO00512,P005,plumbing,low,open,V017,Apex Plumbing Services,86.0,93.7,4.4,11.7
WO00513,P032,plumbing,high,open,V017,Apex Plumbing Services,86.0,93.7,4.4,11.7
WO00514,P046,electrical,low,in-progress,V008,Keystone Electrical Pro,70.0,82.9,3.6,20.5
WO00516,P004,HVAC,medium,open,V011,Omega Hvac Pro,79.6,83.9,4.4,16.5
WO00518,P022,HVAC,low,open,V011,Omega Hvac Pro,79.6,83.9,4.4,16.5
WO00523,P033,HVAC,medium,in-progress,V011,Omega Hvac Pro,79.6,83.9,4.4,16.5
WO00526,P028,electrical,medium,open,V008,Keystone Electrical Pro,70.0,82.9,3.6,20.5
WO00527,P031,HVAC,medium,in-progress,V011,Omega Hvac Pro,79.6,83.9,4.4,16.5
WO00532,P003,general,medium,in-progress,V016,Granite General Works,72.3,78.6,4.3,24.5
WO00534,P005,general,high,open,V016,Granite General Works,72.3,78.6,4.3,24.5
WO00536,P014,general,medium,open,V016,Granite General Works,72.3,78.6,4.3,24.5
WO00537,P028,general,high,open,V016,Granite General Works,72.3,78.6,4.3,24.5
WO00552,P020,plumbing,emergency,open,V017,Apex Plumbing Services,86.0,93.7,4.4,11.7
WO00553,P049,electrical,medium,open,V008,Keystone Electrical Pro,70.0,82.9,3.6,20.5
WO00559,P016,general,emergency,in-progress,V016,Granite General Works,72.3,78.6,4.3,24.5
WO00563,P031,HVAC,low,open,V011,Omega Hvac Pro,79.6,83.9,4.4,16.5
WO00567,P006,plumbing,medium,open,V017,Apex Plumbing Services,86.0,93.7,4.4,11.7
WO00568,P029,plumbing,emergency,in-progress,V017,Apex Plumbing Services,86.0,93.7,4.4,11.7
WO00571,P012,general,high,open,V016,Granite General Works,72.3,78.6,4.3,24.5
WO00572,P032,general,emergency,open,V016,Granite General Works,72.3,78.6,4.3,24.5
WO00573,P040,electrical,medium,open,V008,Keystone Electrical Pro,70.0,82.9,3.6,20.5
WO00574,P032,general,low,in-progress,V016,Granite General Works,72.3,78.6,4.3,24.5
WO00580,P002,electrical,medium,open,V008,Keystone Electrical Pro,70.0,82.9,3.6,20.5
WO00583,P027,HVAC,medium,open,V011,Omega Hvac Pro,79.6,83.9,4.4,16.5
WO00584,P022,plumbing,high,in-progress,V017,Apex Plumbing Services,86.0,93.7,4.4,11.7
WO00585,P014,electrical,low,in-progress,V008,Keystone Electrical Pro,70.0,82.9,3.6,20.5
WO00586,P037,electrical,high,in-progress,V008,Keystone Electrical Pro,70.0,82.9,3.6,20.5
WO00590,P018,general,medium,in-progress,V016,Granite General Works,72.3,78.6,4.3,24.5
WO00591,P009,electrical,medium,in-progress,V008,Keystone Electrical Pro,70.0,82.9,3.6,20.5
WO00592,P049,HVAC,low,in-progress,V011,Omega Hvac Pro,79.6,83.9,4.4,16.5
WO00597,P025,general,high,in-progress,V016,Granite General Works,72.3,78.6,4.3,24.5
WO00598,P039,electrical,low,in-progress,V008,Keystone Electrical Pro,70.0,82.9,3.6,20.5
WO00600,P028,general,high,in-progress,V016,Granite General Works,72.3,78.6,4.3,24.5
WO00602,P012,general,medium,in-progress,V016,Granite General Works,72.3,78.6,4.3,24.5
WO00606,P012,general,high,in-progress,V016,Granite General Works,72.3,78.6,4.3,24.5
WO00608,P050,plumbing,medium,in-progress,V017,Apex Plumbing Services,86.0,93.7,4.4,11.7
WO00609,P010,general,low,open,V016,Granite General Works,72.3,78.6,4.3,24.5
WO00610,P016,electrical,low,in-progress,V008,Keystone Electrical Pro,70.0,82.9,3.6,20.5
WO00613,P050,HVAC,high,in-progress,V011,Omega Hvac Pro,79.6,83.9,4.4,16.5
WO00617,P007,HVAC,high,open,V011,Omega Hvac Pro,79.6,83.9,4.4,16.5
WO00624,P021,electrical,low,open,V008,Keystone Electrical Pro,70.0,82.9,3.6,20.5
WO00626,P025,HVAC,medium,in-progress,V011,Omega Hvac Pro,79.6,83.9,4.4,16.5
WO00628,P029,plumbing,high,open,V017,Apex Plumbing Services,86.0,93.7,4.4,11.7
WO00630,P045,general,emergency,in-progress,V016,Granite General Works,72.3,78.6,4.3,24.5
WO00632,P022,plumbing,medium,in-progress,V017,Apex Plumbing Services,86.0,93.7,4.4,11.7
WO00636,P046,general,high,in-progress,V016,Granite General Works,72.3,78.6,4.3,24.5
WO00638,P045,plumbing,high,open,V017,Apex Plumbing Services,86.0,93.7,4.4,11.7
WO00642,P018,plumbing,medium,in-progress,V017,Apex Plumbing Services,86.0,93.7,4.4,11.7
WO00643,P047,electrical,low,in-progress,V008,Keystone Electrical Pro,70.0,82.9,3.6,20.5
WO00644,P005,HVAC,medium,in-progress,V011,Omega Hvac Pro,79.6,83.9,4.4,16.5
WO00647,P012,general,low,in-progress,V016,Granite General Works,72.3,78.6,4.3,24.5
WO00651,P021,general,high,open,V016,Granite General Works,72.3,78.6,4.3,24.5
WO00652,P022,electrical,medium,open,V008,Keystone Electrical Pro,70.0,82.9,3.6,20.5
WO00653,P018,plumbing,low,open,V017,Apex Plumbing Services,86.0,93.7,4.4,11.7
WO00655,P032,plumbing,low,in-progress,V017,Apex Plumbing Services,86.0,93.7,4.4,11.7
WO00656,P032,plumbing,medium,in-progress,V017,Apex Plumbing Services,86.0,93.7,4.4,11.7
WO00669,P037,general,emergency,in-progress,V016,Granite General Works,72.3,78.6,4.3,24.5
WO00672,P032,electrical,emergency,in-progress,V008,Keystone Electrical Pro,70.0,82.9,3.6,20.5
WO00673,P021,general,emergency,open,V016,Granite General Works,72.3,78.6,4.3,24.5
WO00679,P040,plumbing,low,open,V017,Apex Plumbing Services,86.0,93.7,4.4,11.7
WO00680,P021,electrical,low,open,V008,Keystone Electrical Pro,70.0,82.9,3.6,20.5
WO00682,P009,HVAC,medium,in-progress,V011,Omega Hvac Pro,79.6,83.9,4.4,16.5
WO00683,P007,HVAC,high,in-progress,V011,Omega Hvac Pro,79.6,83.9,4.4,16.5
WO00691,P022,plumbing,emergency,in-progress,V017,Apex Plumbing Services,86.0,93.7,4.4,11.7
WO00693,P050,electrical,medium,open,V008,Keystone Electrical Pro,70.0,82.9,3.6,20.5
WO00695,P012,electrical,low,in-progress,V008,Keystone Electrical Pro,70.0,82.9,3.6,20.5
WO00696,P012,plumbing,high,in-progress,V017,Apex Plumbing Services,86.0,93.7,4.4,11.7
WO00698,P022,general,high,in-progress,V016,Granite General Works,72.3,78.6,4.3,24.5
WO00700,P014,HVAC,high,in-progress,V011,Omega Hvac Pro,79.6,83.9,4.4,16.5
WO00703,P013,HVAC,emergency,in-progress,V011,Omega Hvac Pro,79.6,83.9,4.4,16.5
WO00710,P009,electrical,medium,in-progress,V008,Keystone Electrical Pro,70.0,82.9,3.6,20.5
WO00713,P040,electrical,high,in-progress,V008,Keystone Electrical Pro,70.0,82.9,3.6,20.5
WO00718,P002,electrical,high,in-progress,V008,Keystone Electrical Pro,70.0,82.9,3.6,20.5
WO00719,P006,general,low,open,V016,Granite General Works,72.3,78.6,4.3,24.5
WO00720,P014,general,medium,open,V016,Granite General Works,72.3,78.6,4.3,24.5
WO00722,P014,general,medium,in-progress,V016,Granite General Works,72.3,78.6,4.3,24.5
WO00726,P037,electrical,high,in-progress,V008,Keystone Electrical Pro,70.0,82.9,3.6,20.5
WO00727,P016,general,low,open,V016,Granite General Works,72.3,78.6,4.3,24.5
WO00730,P012,HVAC,low,in-progress,V011,Omega Hvac Pro,79.6,83.9,4.4,16.5
WO00731,P028,general,medium,in-progress,V016,Granite General Works,72.3,78.6,4.3,24.5
WO00733,P014,HVAC,high,open,V011,Omega Hvac Pro,79.6,83.9,4.4,16.5
WO00735,P038,general,high,open,V016,Granite General Works,72.3,78.6,4.3,24.5
WO00738,P046,electrical,low,in-progress,V008,Keystone Electrical Pro,70.0,82.9,3.6,20.5
WO00740,P032,plumbing,high,in-progress,V017,Apex Plumbing Services,86.0,93.7,4.4,11.7
WO00741,P003,HVAC,low,in-progress,V011,Omega Hvac Pro,79.6,83.9,4.4,16.5
WO00742,P032,HVAC,emergency,in-progress,V011,Omega Hvac Pro,79.6,83.9,4.4,16.5
WO00744,P032,HVAC,low,open,V011,Omega Hvac Pro,79.6,83.9,4.4,16.5
WO00745,P010,HVAC,medium,open,V011,Omega Hvac Pro,79.6,83.9,4.4,16.5
WO00750,P036,electrical,low,in-progress,V008,Keystone Electrical Pro,70.0,82.9,3.6,20.5
WO00756,P002,plumbing,medium,open,V017,Apex Plumbing Services,86.0,93.7,4.4,11.7
WO00758,P032,HVAC,high,open,V011,Omega Hvac Pro,79.6,83.9,4.4,16.5
WO00759,P007,electrical,low,open,V008,Keystone Electrical Pro,70.0,82.9,3.6,20.5
WO00760,P040,electrical,medium,in-progress,V008,Keystone Electrical Pro,70.0,82.9,3.6,20.5
WO00762,P038,HVAC,medium,open,V011,Omega Hvac Pro,79.6,83.9,4.4,16.5
WO00764,P005,general,low,open,V016,Granite General Works,72.3,78.6,4.3,24.5
WO00765,P037,electrical,low,in-progress,V008,Keystone Electrical Pro,70.0,82.9,3.6,20.5
WO00768,P049,plumbing,medium,in-progress,V017,Apex Plumbing Services,86.0,93.7,4.4,11.7
WO00771,P022,electrical,medium,open,V008,Keystone Electrical Pro,70.0,82.9,3.6,20.5
WO00773,P002,plumbing,medium,in-progress,V017,Apex Plumbing Services,86.0,93.7,4.4,11.7
WO00775,P002,plumbing,medium,in-progress,V017,Apex Plumbing Services,86.0,93.7,4.4,11.7
WO00777,P015,electrical,low,open,V008,Keystone Electrical Pro,70.0,82.9,3.6,20.5
WO00778,P022,plumbing,emergency,in-progress,V017,Apex Plumbing Services,86.0,93.7,4.4,11.7
WO00779,P033,general,high,open,V016,Granite General Works,72.3,78.6,4.3,24.5
WO00785,P021,HVAC,medium,in-progress,V011,Omega Hvac Pro,79.6,83.9,4.4,16.5
WO00788,P012,plumbing,medium,open,V017,Apex Plumbing Services,86.0,93.7,4.4,11.7
WO00791,P022,HVAC,high,in-progress,V011,Omega Hvac Pro,79.6,83.9,4.4,16.5
WO00792,P047,general,medium,in-progress,V016,Granite General Works,72.3,78.6,4.3,24.5
WO00794,P002,electrical,low,open,V008,Keystone Electrical Pro,70.0,82.9,3.6,20.5
WO00796,P022,electrical,medium,open,V008,Keystone Electrical Pro,70.0,82.9,3.6,20.5
WO00797,P050,plumbing,medium,open,V017,Apex Plumbing Services,86.0,93.7,4.4,11.7
WO00798,P004,plumbing,low,in-progress,V017,Apex Plumbing Services,86.0,93.7,4.4,11.7
WO00802,P012,electrical,medium,in-progress,V008,Keystone Electrical Pro,70.0,82.9,3.6,20.5
WO00803,P045,HVAC,low,open,V011,Omega Hvac Pro,79.6,83.9,4.4,16.5
WO00806,P014,HVAC,medium,in-progress,V011,Omega Hvac Pro,79.6,83.9,4.4,16.5
WO00808,P029,general,low,open,V016,Granite General Works,72.3,78.6,4.3,24.5
WO00812,P012,HVAC,low,in-progress,V011,Omega Hvac Pro,79.6,83.9,4.4,16.5
WO00813,P002,electrical,medium,open,V008,Keystone Electrical Pro,70.0,82.9,3.6,20.5
WO00814,P032,electrical,medium,open,V008,Keystone Electrical Pro,70.0,82.9,3.6,20.5
WO00823,P002,plumbing,low,in-progress,V017,Apex Plumbing Services,86.0,93.7,4.4,11.7
WO00824,P007,plumbing,low,in-progress,V017,Apex Plumbing Services,86.0,93.7,4.4,11.7
WO00828,P007,electrical,medium,in-progress,V008,Keystone Electrical Pro,70.0,82.9,3.6,20.5
WO00830,P021,plumbing,low,open,V017,Apex Plumbing Services,86.0,93.7,4.4,11.7
WO00831,P012,general,high,in-progress,V016,Granite General Works,72.3,78.6,4.3,24.5
WO00836,P026,electrical,medium,in-progress,V008,Keystone Electrical Pro,70.0,82.9,3.6,20.5
WO00841,P012,electrical,medium,in-progress,V008,Keystone Electrical Pro,70.0,82.9,3.6,20.5
WO00850,P007,general,medium,open,V016,Granite General Works,72.3,78.6,4.3,24.5
WO00851,P012,general,medium,in-progress,V016,Granite General Works,72.3,78.6,4.3,24.5
WO00854,P012,general,medium,open,V016,Granite General Works,72.3,78.6,4.3,24.5
WO00855,P032,HVAC,low,in-progress,V011,Omega Hvac Pro,79.6,83.9,4.4,16.5
WO00857,P003,HVAC,medium,open,V011,Omega Hvac Pro,79.6,83.9,4.4,16.5
WO00858,P016,general,low,in-progress,V016,Granite General Works,72.3,78.6,4.3,24.5
WO00859,P031,general,high,open,V016,Granite General Works,72.3,78.6,4.3,24.5
WO00861,P033,HVAC,low,in-progress,V011,Omega Hvac Pro,79.6,83.9,4.4,16.5
WO00864,P032,electrical,low,in-progress,V008,Keystone Electrical Pro,70.0,82.9,3.6,20.5
WO00865,P029,plumbing,low,open,V017,Apex Plumbing Services,86.0,93.7,4.4,11.7
WO00867,P043,electrical,high,in-progress,V008,Keystone Electrical Pro,70.0,82.9,3.6,20.5
WO00868,P031,electrical,high,in-progress,V008,Keystone Electrical Pro,70.0,82.9,3.6,20.5
WO00876,P033,electrical,medium,in-progress,V008,Keystone Electrical Pro,70.0,82.9,3.6,20.5
WO00877,P029,electrical,high,open,V008,Keystone Electrical Pro,70.0,82.9,3.6,20.5
WO00878,P007,general,low,open,V016,Granite General Works,72.3,78.6,4.3,24.5
WO00879,P028,electrical,medium,in-progress,V008,Keystone Electrical Pro,70.0,82.9,3.6,20.5
WO00885,P035,HVAC,low,in-progress,V011,Omega Hvac Pro,79.6,83.9,4.4,16.5
WO00888,P038,electrical,emergency,in-progress,V008,Keystone Electrical Pro,70.0,82.9,3.6,20.5
WO00889,P040,general,high,in-progress,V016,Granite General Works,72.3,78.6,4.3,24.5
WO00890,P040,electrical,medium,in-progress,V008,Keystone Electrical Pro,70.0,82.9,3.6,20.5
WO00892,P007,plumbing,medium,in-progress,V017,Apex Plumbing Services,86.0,93.7,4.4,11.7
WO00893,P007,plumbing,medium,in-progress,V017,Apex Plumbing Services,86.0,93.7,4.4,11.7
WO00901,P049,plumbing,high,in-progress,V017,Apex Plumbing Services,86.0,93.7,4.4,11.7
WO00902,P013,general,medium,in-progress,V016,Granite General Works,72.3,78.6,4.3,24.5
WO00905,P010,general,medium,in-progress,V016,Granite General Works,72.3,78.6,4.3,24.5
WO00909,P040,electrical,medium,open,V008,Keystone Electrical Pro,70.0,82.9,3.6,20.5
WO00915,P021,general,low,in-progress,V016,Granite General Works,72.3,78.6,4.3,24.5
WO00916,P031,HVAC,medium,in-progress,V011,Omega Hvac Pro,79.6,83.9,4.4,16.5
WO00917,P005,electrical,low,open,V008,Keystone Electrical Pro,70.0,82.9,3.6,20.5
WO00919,P032,plumbing,medium,in-progress,V017,Apex Plumbing Services,86.0,93.7,4.4,11.7
WO00921,P032,general,low,open,V016,Granite General Works,72.3,78.6,4.3,24.5
WO00924,P007,HVAC,high,open,V011,Omega Hvac Pro,79.6,83.9,4.4,16.5
WO00927,P043,general,high,open,V016,Granite General Works,72.3,78.6,4.3,24.5
WO00928,P012,plumbing,medium,in-progress,V017,Apex Plumbing Services,86.0,93.7,4.4,11.7
WO00929,P012,electrical,emergency,open,V008,Keystone Electrical Pro,70.0,82.9,3.6,20.5
WO00938,P014,electrical,medium,in-progress,V008,Keystone Electrical Pro,70.0,82.9,3.6,20.5
WO00939,P020,plumbing,medium,in-progress,V017,Apex Plumbing Services,86.0,93.7,4.4,11.7
WO00944,P033,general,medium,in-progress,V016,Granite General Works,72.3,78.6,4.3,24.5
WO00945,P037,plumbing,low,open,V017,Apex Plumbing Services,86.0,93.7,4.4,11.7
WO00946,P022,plumbing,low,open,V017,Apex Plumbing Services,86.0,93.7,4.4,11.7
WO00952,P025,general,medium,in-progress,V016,Granite General Works,72.3,78.6,4.3,24.5
WO00957,P049,HVAC,low,open,V011,Omega Hvac Pro,79.6,83.9,4.4,16.5
WO00959,P007,HVAC,high,open,V011,Omega Hvac Pro,79.6,83.9,4.4,16.5
WO00961,P031,plumbing,low,in-progress,V017,Apex Plumbing Services,86.0,93.7,4.4,11.7
WO00962,P046,plumbing,low,in-progress,V017,Apex Plumbing Services,86.0,93.7,4.4,11.7
WO00965,P007,general,medium,open,V016,Granite General Works,72.3,78.6,4.3,24.5
WO00967,P007,HVAC,high,in-progress,V011,Omega Hvac Pro,79.6,83.9,4.4,16.5
WO00971,P029,plumbing,medium,in-progress,V017,Apex Plumbing Services,86.0,93.7,4.4,11.7
WO00972,P014,electrical,medium,in-progress,V008,Keystone Electrical Pro,70.0,82.9,3.6,20.5
WO00974,P003,electrical,medium,in-progress,V008,Keystone Electrical Pro,70.0,82.9,3.6,20.5
WO00975,P010,plumbing,medium,open,V017,Apex Plumbing Services,86.0,93.7,4.4,11.7
WO00980,P009,electrical,high,open,V008,Keystone Electrical Pro,70.0,82.9,3.6,20.5
WO00981,P009,HVAC,medium,in-progress,V011,Omega Hvac Pro,79.6,83.9,4.4,16.5
WO00988,P001,general,low,in-progress,V016,Granite General Works,72.3,78.6,4.3,24.5
WO00990,P018,general,high,in-progress,V016,Granite General Works,72.3,78.6,4.3,24.5
WO00994,P007,electrical,low,in-progress,V008,Keystone Electrical Pro,70.0,82.9,3.6,20.5
WO00996,P037,electrical,low,in-progress,V008,Keystone Electrical Pro,70.0,82.9,3.6,20.5
WO00998,P021,general,medium,in-progress,V016,Granite General Works,72.3,78.6,4.3,24.5
WO00999,P016,electrical,high,open,V008,Keystone Electrical Pro,70.0,82.9,3.6,20.5
WO01000,P003,plumbing,high,in-progress,V017,Apex Plumbing Services,86.0,93.7,4.4,11.7
WO01001,P024,general,high,in-progress,V016,Granite General Works,72.3,78.6,4.3,24.5
WO01003,P007,general,low,open,V016,Granite General Works,72.3,78.6,4.3,24.5
WO01007,P023,HVAC,medium,in-progress,V011,Omega Hvac Pro,79.6,83.9,4.4,16.5
WO01009,P032,electrical,low,in-progress,V008,Keystone Electrical Pro,70.0,82.9,3.6,20.5
WO01011,P002,electrical,medium,in-progress,V008,Keystone Electrical Pro,70.0,82.9,3.6,20.5
WO01012,P022,HVAC,low,open,V011,Omega Hvac Pro,79.6,83.9,4.4,16.5
WO01016,P028,general,medium,open,V016,Granite General Works,72.3,78.6,4.3,24.5
WO01019,P014,HVAC,medium,in-progress,V011,Omega Hvac Pro,79.6,83.9,4.4,16.5
WO01021,P023,general,medium,in-progress,V016,Granite General Works,72.3,78.6,4.3,24.5
WO01028,P012,general,medium,in-progress,V016,Granite General Works,72.3,78.6,4.3,24.5
WO01029,P002,general,high,in-progress,V016,Granite General Works,72.3,78.6,4.3,24.5
WO01031,P010,HVAC,high,open,V011,Omega Hvac Pro,79.6,83.9,4.4,16.5
WO01032,P012,HVAC,low,open,V011,Omega Hvac Pro,79.6,83.9,4.4,16.5
WO01035,P050,plumbing,low,in-progress,V017,Apex Plumbing Services,86.0,93.7,4.4,11.7
WO01037,P031,HVAC,high,in-progress,V011,Omega Hvac Pro,79.6,83.9,4.4,16.5
WO01039,P021,electrical,low,in-progress,V008,Keystone Electrical Pro,70.0,82.9,3.6,20.5
WO01041,P029,electrical,high,open,V008,Keystone Electrical Pro,70.0,82.9,3.6,20.5
WO01050,P040,HVAC,medium,in-progress,V011,Omega Hvac Pro,79.6,83.9,4.4,16.5
WO01054,P033,HVAC,medium,in-progress,V011,Omega Hvac Pro,79.6,83.9,4.4,16.5
WO01059,P032,HVAC,low,in-progress,V011,Omega Hvac Pro,79.6,83.9,4.4,16.5
WO01061,P029,electrical,medium,in-progress,V008,Keystone Electrical Pro,70.0,82.9,3.6,20.5
WO01062,P005,electrical,emergency,open,V008,Keystone Electrical Pro,70.0,82.9,3.6,20.5
WO01065,P023,HVAC,high,open,V011,Omega Hvac Pro,79.6,83.9,4.4,16.5
WO01067,P010,electrical,medium,in-progress,V008,Keystone Electrical Pro,70.0,82.9,3.6,20.5
WO01070,P009,electrical,low,open,V008,Keystone Electrical Pro,70.0,82.9,3.6,20.5
WO01073,P042,HVAC,medium,open,V011,Omega Hvac Pro,79.6,83.9,4.4,16.5
WO01075,P018,electrical,low,in-progress,V008,Keystone Electrical Pro,70.0,82.9,3.6,20.5
WO01076,P040,HVAC,medium,in-progress,V011,Omega Hvac Pro,79.6,83.9,4.4,16.5
WO01080,P040,HVAC,high,open,V011,Omega Hvac Pro,79.6,83.9,4.4,16.5
WO01084,P021,plumbing,medium,in-progress,V017,Apex Plumbing Services,86.0,93.7,4.4,11.7
WO01086,P012,HVAC,low,in-progress,V011,Omega Hvac Pro,79.6,83.9,4.4,16.5
WO01087,P035,plumbing,medium,open,V017,Apex Plumbing Services,86.0,93.7,4.4,11.7
WO01094,P007,electrical,medium,open,V008,Keystone Electrical Pro,70.0,82.9,3.6,20.5
WO01096,P010,general,medium,open,V016,Granite General Works,72.3,78.6,4.3,24.5
WO01098,P043,electrical,low,open,V008,Keystone Electrical Pro,70.0,82.9,3.6,20.5
WO01099,P003,HVAC,medium,open,V011,Omega Hvac Pro,79.6,83.9,4.4,16.5
WO01100,P016,plumbing,emergency,in-progress,V017,Apex Plumbing Services,86.0,93.7,4.4,11.7
WO01101,P032,general,high,open,V016,Granite General Works,72.3,78.6,4.3,24.5
WO01103,P007,electrical,low,open,V008,Keystone Electrical Pro,70.0,82.9,3.6,20.5
WO01104,P016,general,low,open,V016,Granite General Works,72.3,78.6,4.3,24.5
WO01105,P014,general,medium,in-progress,V016,Granite General Works,72.3,78.6,4.3,24.5
WO01106,P005,general,high,open,V016,Granite General Works,72.3,78.6,4.3,24.5
WO01118,P032,HVAC,low,in-progress,V011,Omega Hvac Pro,79.6,83.9,4.4,16.5
WO01124,P024,HVAC,high,open,V011,Omega Hvac Pro,79.6,83.9,4.4,16.5
WO01125,P032,HVAC,medium,open,V011,Omega Hvac Pro,79.6,83.9,4.4,16.5
WO01128,P016,plumbing,medium,in-progress,V017,Apex Plumbing Services,86.0,93.7,4.4,11.7
WO01132,P002,plumbing,medium,open,V017,Apex Plumbing Services,86.0,93.7,4.4,11.7
WO01135,P031,plumbing,medium,in-progress,V017,Apex Plumbing Services,86.0,93.7,4.4,11.7
WO01136,P049,general,medium,in-progress,V016,Granite General Works,72.3,78.6,4.3,24.5
WO01137,P010,HVAC,medium,in-progress,V011,Omega Hvac Pro,79.6,83.9,4.4,16.5
WO01139,P021,electrical,low,in-progress,V008,Keystone Electrical Pro,70.0,82.9,3.6,20.5
WO01140,P022,electrical,high,in-progress,V008,Keystone Electrical Pro,70.0,82.9,3.6,20.5
WO01143,P007,HVAC,high,in-progress,V011,Omega Hvac Pro,79.6,83.9,4.4,16.5
WO01144,P034,general,low,in-progress,V016,Granite General Works,72.3,78.6,4.3,24.5
WO01145,P005,HVAC,high,in-progress,V011,Omega Hvac Pro,79.6,83.9,4.4,16.5
WO01149,P040,general,low,in-progress,V016,Granite General Works,72.3,78.6,4.3,24.5
WO01152,P040,general,medium,in-progress,V016,Granite General Works,72.3,78.6,4.3,24.5
WO01156,P002,electrical,low,in-progress,V008,Keystone Electrical Pro,70.0,82.9,3.6,20.5
WO01158,P007,electrical,low,open,V008,Keystone Electrical Pro,70.0,82.9,3.6,20.5
WO01163,P023,electrical,medium,in-progress,V008,Keystone Electrical Pro,70.0,82.9,3.6,20.5
WO01166,P050,HVAC,medium,open,V011,Omega Hvac Pro,79.6,83.9,4.4,16.5
WO01167,P014,HVAC,high,open,V011,Omega Hvac Pro,79.6,83.9,4.4,16.5
WO01168,P013,plumbing,low,in-progress,V017,Apex Plumbing Services,86.0,93.7,4.4,11.7
WO01169,P007,HVAC,low,in-progress,V011,Omega Hvac Pro,79.6,83.9,4.4,16.5
WO01172,P021,HVAC,high,in-progress,V011,Omega Hvac Pro,79.6,83.9,4.4,16.5
WO01174,P028,electrical,high,in-progress,V008,Keystone Electrical Pro,70.0,82.9,3.6,20.5
WO01175,P037,plumbing,medium,open,V017,Apex Plumbing Services,86.0,93.7,4.4,11.7
WO01179,P029,electrical,medium,in-progress,V008,Keystone Electrical Pro,70.0,82.9,3.6,20.5
WO01180,P014,electrical,high,in-progress,V008,Keystone Electrical Pro,70.0,82.9,3.6,20.5
WO01184,P038,general,low,in-progress,V016,Granite General Works,72.3,78.6,4.3,24.5
WO01186,P032,plumbing,medium,in-progress,V017,Apex Plumbing Services,86.0,93.7,4.4,11.7
WO01188,P032,electrical,medium,in-progress,V008,Keystone Electrical Pro,70.0,82.9,3.6,20.5
WO01194,P037,electrical,emergency,in-progress,V008,Keystone Electrical Pro,70.0,82.9,3.6,20.5
WO01200,P005,electrical,high,open,V008,Keystone Electrical Pro,70.0,82.9,3.6,20.5
WO01201,P040,plumbing,medium,open,V017,Apex Plumbing Services,86.0,93.7,4.4,11.7
WO01208,P003,general,high,in-progress,V016,Granite General Works,72.3,78.6,4.3,24.5
WO01209,P042,electrical,medium,in-progress,V008,Keystone Electrical Pro,70.0,82.9,3.6,20.5
WO01210,P032,electrical,high,open,V008,Keystone Electrical Pro,70.0,82.9,3.6,20.5
WO01211,P014,electrical,medium,in-progress,V008,Keystone Electrical Pro,70.0,82.9,3.6,20.5
WO01215,P009,HVAC,high,open,V011,Omega Hvac Pro,79.6,83.9,4.4,16.5
WO01216,P048,general,medium,in-progress,V016,Granite General Works,72.3,78.6,4.3,24.5
WO01224,P029,HVAC,low,in-progress,V011,Omega Hvac Pro,79.6,83.9,4.4,16.5
WO01225,P025,electrical,medium,in-progress,V008,Keystone Electrical Pro,70.0,82.9,3.6,20.5
WO01226,P038,HVAC,high,in-progress,V011,Omega Hvac Pro,79.6,83.9,4.4,16.5
WO01231,P022,electrical,emergency,in-progress,V008,Keystone Electrical Pro,70.0,82.9,3.6,20.5
WO01233,P012,electrical,medium,in-progress,V008,Keystone Electrical Pro,70.0,82.9,3.6,20.5
WO01235,P003,general,medium,open,V016,Granite General Works,72.3,78.6,4.3,24.5
WO01244,P005,HVAC,low,open,V011,Omega Hvac Pro,79.6,83.9,4.4,16.5
WO01246,P029,HVAC,medium,open,V011,Omega Hvac Pro,79.6,83.9,4.4,16.5
WO01247,P027,general,low,in-progress,V016,Granite General Works,72.3,78.6,4.3,24.5
WO01252,P037,electrical,medium,in-progress,V008,Keystone Electrical Pro,70.0,82.9,3.6,20.5
WO01255,P045,electrical,medium,in-progress,V008,Keystone Electrical Pro,70.0,82.9,3.6,20.5
WO01256,P013,HVAC,high,in-progress,V011,Omega Hvac Pro,79.6,83.9,4.4,16.5
WO01260,P014,electrical,medium,in-progress,V008,Keystone Electrical Pro,70.0,82.9,3.6,20.5
WO01263,P029,electrical,high,in-progress,V008,Keystone Electrical Pro,70.0,82.9,3.6,20.5
WO01265,P049,HVAC,medium,in-progress,V011,Omega Hvac Pro,79.6,83.9,4.4,16.5
WO01266,P026,general,medium,in-progress,V016,Granite General Works,72.3,78.6,4.3,24.5
WO01267,P036,electrical,high,in-progress,V008,Keystone Electrical Pro,70.0,82.9,3.6,20.5
WO01273,P014,general,high,in-progress,V016,Granite General Works,72.3,78.6,4.3,24.5
WO01275,P032,HVAC,high,open,V011,Omega Hvac Pro,79.6,83.9,4.4,16.5
WO01276,P028,HVAC,high,in-progress,V011,Omega Hvac Pro,79.6,83.9,4.4,16.5
WO01280,P012,general,medium,open,V016,Granite General Works,72.3,78.6,4.3,24.5
WO01281,P002,plumbing,medium,in-progress,V017,Apex Plumbing Services,86.0,93.7,4.4,11.7
WO01282,P026,general,high,open,V016,Granite General Works,72.3,78.6,4.3,24.5
WO01286,P007,HVAC,low,in-progress,V011,Omega Hvac Pro,79.6,83.9,4.4,16.5
WO01290,P016,HVAC,medium,in-progress,V011,Omega Hvac Pro,79.6,83.9,4.4,16.5
WO01292,P040,general,medium,open,V016,Granite General Works,72.3,78.6,4.3,24.5
WO01293,P014,electrical,low,in-progress,V008,Keystone Electrical Pro,70.0,82.9,3.6,20.5
WO01299,P006,general,medium,open,V016,Granite General Works,72.3,78.6,4.3,24.5
WO01306,P014,general,low,in-progress,V016,Granite General Works,72.3,78.6,4.3,24.5
WO01316,P038,plumbing,medium,in-progress,V017,Apex Plumbing Services,86.0,93.7,4.4,11.7
WO01317,P044,electrical,low,in-progress,V008,Keystone Electrical Pro,70.0,82.9,3.6,20.5
WO01318,P005,general,high,in-progress,V016,Granite General Works,72.3,78.6,4.3,24.5
WO01322,P007,general,low,in-progress,V016,Granite General Works,72.3,78.6,4.3,24.5
WO01323,P022,HVAC,medium,in-progress,V011,Omega Hvac Pro,79.6,83.9,4.4,16.5
WO01324,P046,plumbing,medium,open,V017,Apex Plumbing Services,86.0,93.7,4.4,11.7
WO01325,P007,electrical,high,in-progress,V008,Keystone Electrical Pro,70.0,82.9,3.6,20.5
WO01331,P031,electrical,medium,in-progress,V008,Keystone Electrical Pro,70.0,82.9,3.6,20.5
WO01335,P009,plumbing,low,open,V017,Apex Plumbing Services,86.0,93.7,4.4,11.7
WO01336,P016,HVAC,medium,open,V011,Omega Hvac Pro,79.6,83.9,4.4,16.5
WO01346,P029,general,medium,in-progress,V016,Granite General Works,72.3,78.6,4.3,24.5
WO01353,P031,general,low,open,V016,Granite General Works,72.3,78.6,4.3,24.5
WO01354,P038,HVAC,medium,in-progress,V011,Omega Hvac Pro,79.6,83.9,4.4,16.5
WO01356,P049,plumbing,low,open,V017,Apex Plumbing Services,86.0,93.7,4.4,11.7
WO01360,P002,plumbing,high,in-progress,V017,Apex Plumbing Services,86.0,93.7,4.4,11.7
WO01362,P010,HVAC,medium,open,V011,Omega Hvac Pro,79.6,83.9,4.4,16.5
WO01364,P040,HVAC,medium,in-progress,V011,Omega Hvac Pro,79.6,83.9,4.4,16.5
WO01366,P005,general,medium,in-progress,V016,Granite General Works,72.3,78.6,4.3,24.5
WO01368,P025,HVAC,high,in-progress,V011,Omega Hvac Pro,79.6,83.9,4.4,16.5
WO01374,P045,electrical,medium,in-progress,V008,Keystone Electrical Pro,70.0,82.9,3.6,20.5
WO01378,P043,general,medium,open,V016,Granite General Works,72.3,78.6,4.3,24.5
WO01379,P030,plumbing,medium,in-progress,V017,Apex Plumbing Services,86.0,93.7,4.4,11.7
WO01383,P044,plumbing,medium,in-progress,V017,Apex Plumbing Services,86.0,93.7,4.4,11.7
WO01384,P019,HVAC,medium,in-progress,V011,Omega Hvac Pro,79.6,83.9,4.4,16.5
WO01386,P022,general,low,in-progress,V016,Granite General Works,72.3,78.6,4.3,24.5
WO01389,P022,electrical,emergency,open,V008,Keystone Electrical Pro,70.0,82.9,3.6,20.5
WO01390,P016,electrical,high,in-progress,V008,Keystone Electrical Pro,70.0,82.9,3.6,20.5
WO01393,P002,general,high,in-progress,V016,Granite General Works,72.3,78.6,4.3,24.5
WO01394,P002,HVAC,high,open,V011,Omega Hvac Pro,79.6,83.9,4.4,16.5
WO01397,P010,HVAC,low,open,V011,Omega Hvac Pro,79.6,83.9,4.4,16.5
WO01398,P021,general,medium,open,V016,Granite General Works,72.3,78.6,4.3,24.5
WO01404,P040,plumbing,low,open,V017,Apex Plumbing Services,86.0,93.7,4.4,11.7
WO01405,P012,plumbing,medium,open,V017,Apex Plumbing Services,86.0,93.7,4.4,11.7
WO01406,P010,plumbing,low,open,V017,Apex Plumbing Services,86.0,93.7,4.4,11.7
WO01407,P007,HVAC,high,open,V011,Omega Hvac Pro,79.6,83.9,4.4,16.5
WO01413,P021,plumbing,medium,open,V017,Apex Plumbing Services,86.0,93.7,4.4,11.7
WO01418,P027,HVAC,high,in-progress,V011,Omega Hvac Pro,79.6,83.9,4.4,16.5
WO01420,P050,electrical,medium,in-progress,V008,Keystone Electrical Pro,70.0,82.9,3.6,20.5
WO01423,P029,HVAC,low,open,V011,Omega Hvac Pro,79.6,83.9,4.4,16.5
WO01424,P010,general,high,in-progress,V016,Granite General Works,72.3,78.6,4.3,24.5
WO01434,P009,plumbing,emergency,in-progress,V017,Apex Plumbing Services,86.0,93.7,4.4,11.7
WO01436,P012,general,medium,open,V016,Granite General Works,72.3,78.6,4.3,24.5
WO01445,P023,plumbing,high,in-progress,V017,Apex Plumbing Services,86.0,93.7,4.4,11.7
WO01447,P021,plumbing,medium,in-progress,V017,Apex Plumbing Services,86.0,93.7,4.4,11.7
WO01448,P012,general,medium,in-progress,V016,Granite General Works,72.3,78.6,4.3,24.5
WO01450,P050,plumbing,high,open,V017,Apex Plumbing Services,86.0,93.7,4.4,11.7
WO01451,P022,HVAC,low,in-progress,V011,Omega Hvac Pro,79.6,83.9,4.4,16.5
WO01455,P007,HVAC,high,open,V011,Omega Hvac Pro,79.6,83.9,4.4,16.5
WO01459,P007,HVAC,medium,in-progress,V011,Omega Hvac Pro,79.6,83.9,4.4,16.5
WO01460,P002,plumbing,high,in-progress,V017,Apex Plumbing Services,86.0,93.7,4.4,11.7
WO01462,P016,plumbing,low,open,V017,Apex Plumbing Services,86.0,93.7,4.4,11.7
WO01467,P021,HVAC,high,open,V011,Omega Hvac Pro,79.6,83.9,4.4,16.5
WO01469,P023,plumbing,high,open,V017,Apex Plumbing Services,86.0,93.7,4.4,11.7
WO01472,P012,plumbing,low,open,V017,Apex Plumbing Services,86.0,93.7,4.4,11.7
WO01474,P038,general,low,in-progress,V016,Granite General Works,72.3,78.6,4.3,24.5
WO01475,P022,HVAC,low,in-progress,V011,Omega Hvac Pro,79.6,83.9,4.4,16.5
WO01477,P022,general,medium,open,V016,Granite General Works,72.3,78.6,4.3,24.5
WO01478,P034,general,high,open,V016,Granite General Works,72.3,78.6,4.3,24.5
WO01479,P038,general,low,in-progress,V016,Granite General Works,72.3,78.6,4.3,24.5
WO01480,P026,general,medium,open,V016,Granite General Works,72.3,78.6,4.3,24.5
WO01483,P029,plumbing,high,in-progress,V017,Apex Plumbing Services,86.0,93.7,4.4,11.7
WO01484,P031,general,low,in-progress,V016,Granite General Works,72.3,78.6,4.3,24.5
WO01491,P005,plumbing,high,open,V017,Apex Plumbing Services,86.0,93.7,4.4,11.7
WO01492,P028,plumbing,low,in-progress,V017,Apex Plumbing Services,86.0,93.7,4.4,11.7
WO01496,P007,plumbing,medium,in-progress,V017,Apex Plumbing Services,86.0,93.7,4.4,11.7
WO01498,P014,general,medium,in-progress,V016,Granite General Works,72.3,78.6,4.3,24.5
WO01501,P014,plumbing,emergency,in-progress,V017,Apex Plumbing Services,86.0,93.7,4.4,11.7
WO01505,P007,HVAC,medium,in-progress,V011,Omega Hvac Pro,79.6,83.9,4.4,16.5
WO01514,P029,general,medium,in-progress,V016,Granite General Works,72.3,78.6,4.3,24.5
WO01516,P032,general,medium,open,V016,Granite General Works,72.3,78.6,4.3,24.5
WO01520,P049,HVAC,emergency,in-progress,V011,Omega Hvac Pro,79.6,83.9,4.4,16.5
WO01527,P014,HVAC,low,open,V011,Omega Hvac Pro,79.6,83.9,4.4,16.5
WO01528,P033,general,low,in-progress,V016,Granite General Works,72.3,78.6,4.3,24.5
WO01529,P025,HVAC,medium,in-progress,V011,Omega Hvac Pro,79.6,83.9,4.4,16.5
WO01532,P040,HVAC,medium,in-progress,V011,Omega Hvac Pro,79.6,83.9,4.4,16.5
WO01535,P005,HVAC,medium,in-progress,V011,Omega Hvac Pro,79.6,83.9,4.4,16.5
WO01536,P040,HVAC,medium,in-progress,V011,Omega Hvac Pro,79.6,83.9,4.4,16.5
WO01537,P018,HVAC,low,in-progress,V011,Omega Hvac Pro,79.6,83.9,4.4,16.5
WO01538,P035,HVAC,high,open,V011,Omega Hvac Pro,79.6,83.9,4.4,16.5
WO01542,P005,HVAC,medium,open,V011,Omega Hvac Pro,79.6,83.9,4.4,16.5
WO01545,P023,plumbing,high,in-progress,V017,Apex Plumbing Services,86.0,93.7,4.4,11.7
WO01549,P048,general,low,in-progress,V016,Granite General Works,72.3,78.6,4.3,24.5
WO01551,P050,plumbing,medium,in-progress,V017,Apex Plumbing Services,86.0,93.7,4.4,11.7
WO01553,P031,plumbing,medium,in-progress,V017,Apex Plumbing Services,86.0,93.7,4.4,11.7
WO01554,P040,HVAC,medium,open,V011,Omega Hvac Pro,79.6,83.9,4.4,16.5
WO01556,P012,plumbing,medium,in-progress,V017,Apex Plumbing Services,86.0,93.7,4.4,11.7
WO01562,P029,general,low,open,V016,Granite General Works,72.3,78.6,4.3,24.5
WO01566,P028,HVAC,medium,in-progress,V011,Omega Hvac Pro,79.6,83.9,4.4,16.5
WO01567,P049,HVAC,low,in-progress,V011,Omega Hvac Pro,79.6,83.9,4.4,16.5
WO01570,P019,electrical,medium,in-progress,V008,Keystone Electrical Pro,70.0,82.9,3.6,20.5
WO01571,P021,HVAC,medium,open,V011,Omega Hvac Pro,79.6,83.9,4.4,16.5
WO01573,P046,plumbing,low,in-progress,V017,Apex Plumbing Services,86.0,93.7,4.4,11.7
WO01574,P010,plumbing,low,open,V017,Apex Plumbing Services,86.0,93.7,4.4,11.7
WO01575,P032,general,high,open,V016,Granite General Works,72.3,78.6,4.3,24.5
WO01577,P038,plumbing,medium,in-progress,V017,Apex Plumbing Services,86.0,93.7,4.4,11.7
WO01585,P026,HVAC,high,in-progress,V011,Omega Hvac Pro,79.6,83.9,4.4,16.5
WO01586,P022,general,high,in-progress,V016,Granite General Works,72.3,78.6,4.3,24.5
WO01591,P049,general,medium,in-progress,V016,Granite General Works,72.3,78.6,4.3,24.5
WO01592,P031,HVAC,medium,open,V011,Omega Hvac Pro,79.6,83.9,4.4,16.5
WO01593,P030,general,medium,in-progress,V016,Granite General Works,72.3,78.6,4.3,24.5
WO01596,P033,plumbing,medium,in-progress,V017,Apex Plumbing Services,86.0,93.7,4.4,11.7
WO01597,P040,plumbing,low,open,V017,Apex Plumbing Services,86.0,93.7,4.4,11.7
WO01599,P027,plumbing,high,in-progress,V017,Apex Plumbing Services,86.0,93.7,4.4,11.7
WO01600,P032,plumbing,high,in-progress,V017,Apex Plumbing Services,86.0,93.7,4.4,11.7
WO01602,P032,plumbing,medium,open,V017,Apex Plumbing Services,86.0,93.7,4.4,11.7
WO01606,P023,plumbing,medium,in-progress,V017,Apex Plumbing Services,86.0,93.7,4.4,11.7
WO01607,P031,HVAC,high,open,V011,Omega Hvac Pro,79.6,83.9,4.4,16.5
WO01614,P037,plumbing,medium,in-progress,V017,Apex Plumbing Services,86.0,93.7,4.4,11.7
WO01616,P014,HVAC,emergency,in-progress,V011,Omega Hvac Pro,79.6,83.9,4.4,16.5
WO01625,P012,electrical,low,in-progress,V008,Keystone Electrical Pro,70.0,82.9,3.6,20.5
WO01628,P032,plumbing,high,open,V017,Apex Plumbing Services,86.0,93.7,4.4,11.7
WO01630,P018,HVAC,medium,in-progress,V011,Omega Hvac Pro,79.6,83.9,4.4,16.5
WO01631,P032,plumbing,high,open,V017,Apex Plumbing Services,86.0,93.7,4.4,11.7
WO01635,P045,HVAC,low,in-progress,V011,Omega Hvac Pro,79.6,83.9,4.4,16.5
WO01637,P007,electrical,low,in-progress,V008,Keystone Electrical Pro,70.0,82.9,3.6,20.5
WO01639,P022,HVAC,medium,in-progress,V011,Omega Hvac Pro,79.6,83.9,4.4,16.5
WO01640,P029,HVAC,high,open,V011,Omega Hvac Pro,79.6,83.9,4.4,16.5
WO01641,P002,general,high,open,V016,Granite General Works,72.3,78.6,4.3,24.5
WO01647,P022,general,emergency,open,V016,Granite General Works,72.3,78.6,4.3,24.5
WO01649,P038,plumbing,high,open,V017,Apex Plumbing Services,86.0,93.7,4.4,11.7
WO01650,P028,plumbing,high,open,V017,Apex Plumbing Services,86.0,93.7,4.4,11.7
WO01651,P003,plumbing,low,in-progress,V017,Apex Plumbing Services,86.0,93.7,4.4,11.7
WO01652,P012,plumbing,high,open,V017,Apex Plumbing Services,86.0,93.7,4.4,11.7
WO01655,P029,HVAC,emergency,in-progress,V011,Omega Hvac Pro,79.6,83.9,4.4,16.5
WO01659,P031,electrical,low,in-progress,V008,Keystone Electrical Pro,70.0,82.9,3.6,20.5
WO01660,P037,electrical,medium,open,V008,Keystone Electrical Pro,70.0,82.9,3.6,20.5
WO01662,P047,general,medium,in-progress,V016,Granite General Works,72.3,78.6,4.3,24.5
WO01667,P048,HVAC,low,in-progress,V011,Omega Hvac Pro,79.6,83.9,4.4,16.5
WO01670,P009,general,high,in-progress,V016,Granite General Works,72.3,78.6,4.3,24.5
WO01673,P038,general,low,open,V016,Granite General Works,72.3,78.6,4.3,24.5
WO01674,P018,plumbing,medium,in-progress,V017,Apex Plumbing Services,86.0,93.7,4.4,11.7
WO01677,P037,general,medium,in-progress,V016,Granite General Works,72.3,78.6,4.3,24.5
WO01683,P048,HVAC,emergency,in-progress,V011,Omega Hvac Pro,79.6,83.9,4.4,16.5
WO01685,P002,HVAC,medium,open,V011,Omega Hvac Pro,79.6,83.9,4.4,16.5
WO01686,P040,HVAC,high,in-progress,V011,Omega Hvac Pro,79.6,83.9,4.4,16.5
WO01690,P010,general,low,open,V016,Granite General Works,72.3,78.6,4.3,24.5
WO01694,P012,plumbing,medium,open,V017,Apex Plumbing Services,86.0,93.7,4.4,11.7
WO01695,P029,general,high,open,V016,Granite General Works,72.3,78.6,4.3,24.5
WO01702,P018,plumbing,high,open,V017,Apex Plumbing Services,86.0,93.7,4.4,11.7
WO01704,P043,general,high,in-progress,V016,Granite General Works,72.3,78.6,4.3,24.5
WO01706,P038,general,low,in-progress,V016,Granite General Works,72.3,78.6,4.3,24.5
WO01707,P032,general,low,in-progress,V016,Granite General Works,72.3,78.6,4.3,24.5
WO01708,P031,electrical,low,open,V008,Keystone Electrical Pro,70.0,82.9,3.6,20.5
WO01710,P029,general,low,in-progress,V016,Granite General Works,72.3,78.6,4.3,24.5
WO01711,P031,plumbing,medium,in-progress,V017,Apex Plumbing Services,86.0,93.7,4.4,11.7
WO01713,P031,plumbing,medium,in-progress,V017,Apex Plumbing Services,86.0,93.7,4.4,11.7
WO01716,P037,HVAC,high,in-progress,V011,Omega Hvac Pro,79.6,83.9,4.4,16.5
WO01717,P012,general,medium,open,V016,Granite General Works,72.3,78.6,4.3,24.5
WO01719,P009,plumbing,medium,in-progress,V017,Apex Plumbing Services,86.0,93.7,4.4,11.7
WO01721,P022,general,high,open,V016,Granite General Works,72.3,78.6,4.3,24.5
WO01724,P027,electrical,medium,open,V008,Keystone Electrical Pro,70.0,82.9,3.6,20.5
WO01726,P022,electrical,high,in-progress,V008,Keystone Electrical Pro,70.0,82.9,3.6,20.5
WO01727,P016,HVAC,low,open,V011,Omega Hvac Pro,79.6,83.9,4.4,16.5
WO01728,P032,plumbing,medium,in-progress,V017,Apex Plumbing Services,86.0,93.7,4.4,11.7
WO01733,P039,electrical,medium,open,V008,Keystone Electrical Pro,70.0,82.9,3.6,20.5
WO01742,P042,electrical,low,open,V008,Keystone Electrical Pro,70.0,82.9,3.6,20.5
WO01744,P038,electrical,low,open,V008,Keystone Electrical Pro,70.0,82.9,3.6,20.5
WO01752,P007,plumbing,low,in-progress,V017,Apex Plumbing Services,86.0,93.7,4.4,11.7
WO01754,P012,HVAC,medium,open,V011,Omega Hvac Pro,79.6,83.9,4.4,16.5
WO01758,P002,general,medium,open,V016,Granite General Works,72.3,78.6,4.3,24.5
WO01760,P049,general,medium,in-progress,V016,Granite General Works,72.3,78.6,4.3,24.5
WO01764,P012,plumbing,low,in-progress,V017,Apex Plumbing Services,86.0,93.7,4.4,11.7
WO01765,P016,general,emergency,open,V016,Granite General Works,72.3,78.6,4.3,24.5
WO01768,P029,electrical,medium,in-progress,V008,Keystone Electrical Pro,70.0,82.9,3.6,20.5
WO01769,P014,electrical,medium,in-progress,V008,Keystone Electrical Pro,70.0,82.9,3.6,20.5
WO01777,P021,HVAC,low,in-progress,V011,Omega Hvac Pro,79.6,83.9,4.4,16.5
WO01790,P038,plumbing,medium,in-progress,V017,Apex Plumbing Services,86.0,93.7,4.4,11.7
WO01791,P040,general,low,in-progress,V016,Granite General Works,72.3,78.6,4.3,24.5
WO01793,P012,general,medium,in-progress,V016,Granite General Works,72.3,78.6,4.3,24.5
WO01799,P019,general,low,in-progress,V016,Granite General Works,72.3,78.6,4.3,24.5
WO01809,P002,general,medium,in-progress,V016,Granite General Works,72.3,78.6,4.3,24.5
WO01810,P045,electrical,low,open,V008,Keystone Electrical Pro,70.0,82.9,3.6,20.5
WO01812,P028,general,medium,in-progress,V016,Granite General Works,72.3,78.6,4.3,24.5
WO01815,P002,electrical,emergency,in-progress,V008,Keystone Electrical Pro,70.0,82.9,3.6,20.5
WO01826,P028,general,low,open,V016,Granite General Works,72.3,78.6,4.3,24.5
WO01829,P005,electrical,medium,open,V008,Keystone Electrical Pro,70.0,82.9,3.6,20.5
WO01830,P049,electrical,high,in-progress,V008,Keystone Electrical Pro,70.0,82.9,3.6,20.5
WO01832,P018,electrical,medium,in-progress,V008,Keystone Electrical Pro,70.0,82.9,3.6,20.5
WO01836,P032,electrical,emergency,in-progress,V008,Keystone Electrical Pro,70.0,82.9,3.6,20.5
WO01838,P007,HVAC,medium,in-progress,V011,Omega Hvac Pro,79.6,83.9,4.4,16.5
WO01840,P037,electrical,high,in-progress,V008,Keystone Electrical Pro,70.0,82.9,3.6,20.5
WO01841,P002,electrical,high,open,V008,Keystone Electrical Pro,70.0,82.9,3.6,20.5
WO01843,P043,electrical,medium,open,V008,Keystone Electrical Pro,70.0,82.9,3.6,20.5
WO01844,P021,electrical,high,open,V008,Keystone Electrical Pro,70.0,82.9,3.6,20.5
WO01849,P001,HVAC,emergency,open,V011,Omega Hvac Pro,79.6,83.9,4.4,16.5
WO01851,P012,electrical,medium,open,V008,Keystone Electrical Pro,70.0,82.9,3.6,20.5
WO01852,P024,general,emergency,in-progress,V016,Granite General Works,72.3,78.6,4.3,24.5
WO01854,P048,HVAC,low,in-progress,V011,Omega Hvac Pro,79.6,83.9,4.4,16.5
WO01855,P038,HVAC,medium,open,V011,Omega Hvac Pro,79.6,83.9,4.4,16.5
WO01858,P022,general,low,open,V016,Granite General Works,72.3,78.6,4.3,24.5
WO01861,P005,general,medium,in-progress,V016,Granite General Works,72.3,78.6,4.3,24.5
WO01864,P029,general,medium,in-progress,V016,Granite General Works,72.3,78.6,4.3,24.5
WO01865,P029,HVAC,medium,in-progress,V011,Omega Hvac Pro,79.6,83.9,4.4,16.5
WO01869,P022,electrical,medium,in-progress,V008,Keystone Electrical Pro,70.0,82.9,3.6,20.5
WO01870,P013,HVAC,high,in-progress,V011,Omega Hvac Pro,79.6,83.9,4.4,16.5
WO01875,P028,HVAC,medium,open,V011,Omega Hvac Pro,79.6,83.9,4.4,16.5
WO01878,P027,electrical,medium,open,V008,Keystone Electrical Pro,70.0,82.9,3.6,20.5
WO01879,P032,HVAC,medium,in-progress,V011,Omega Hvac Pro,79.6,83.9,4.4,16.5
WO01885,P029,plumbing,low,open,V017,Apex Plumbing Services,86.0,93.7,4.4,11.7
WO01886,P025,general,low,in-progress,V016,Granite General Works,72.3,78.6,4.3,24.5
WO01887,P021,plumbing,high,in-progress,V017,Apex Plumbing Services,86.0,93.7,4.4,11.7
WO01888,P018,general,medium,in-progress,V016,Granite General Works,72.3,78.6,4.3,24.5
WO01890,P007,general,medium,in-progress,V016,Granite General Works,72.3,78.6,4.3,24.5
WO01891,P037,general,emergency,in-progress,V016,Granite General Works,72.3,78.6,4.3,24.5
WO01892,P032,plumbing,emergency,in-progress,V017,Apex Plumbing Services,86.0,93.7,4.4,11.7
WO01894,P028,plumbing,high,open,V017,Apex Plumbing Services,86.0,93.7,4.4,11.7
WO01895,P049,electrical,medium,in-progress,V008,Keystone Electrical Pro,70.0,82.9,3.6,20.5
WO01902,P028,electrical,low,in-progress,V008,Keystone Electrical Pro,70.0,82.9,3.6,20.5
WO01904,P012,HVAC,medium,open,V011,Omega Hvac Pro,79.6,83.9,4.4,16.5
WO01905,P037,HVAC,high,in-progress,V011,Omega Hvac Pro,79.6,83.9,4.4,16.5
WO01906,P014,general,low,in-progress,V016,Granite General Works,72.3,78.6,4.3,24.5
WO01908,P021,HVAC,medium,in-progress,V011,Omega Hvac Pro,79.6,83.9,4.4,16.5
WO01912,P005,HVAC,medium,open,V011,Omega Hvac Pro,79.6,83.9,4.4,16.5
WO01913,P050,electrical,medium,open,V008,Keystone Electrical Pro,70.0,82.9,3.6,20.5
WO01915,P032,general,low,in-progress,V016,Granite General Works,72.3,78.6,4.3,24.5
WO01919,P029,HVAC,medium,in-progress,V011,Omega Hvac Pro,79.6,83.9,4.4,16.5
WO01925,P040,general,medium,open,V016,Granite General Works,72.3,78.6,4.3,24.5
WO01926,P022,HVAC,low,open,V011,Omega Hvac Pro,79.6,83.9,4.4,16.5
WO01930,P043,general,high,in-progress,V016,Granite General Works,72.3,78.6,4.3,24.5
WO01935,P014,electrical,medium,in-progress,V008,Keystone Electrical Pro,70.0,82.9,3.6,20.5
WO01937,P022,general,low,open,V016,Granite General Works,72.3,78.6,4.3,24.5
WO01942,P016,HVAC,low,in-progress,V011,Omega Hvac Pro,79.6,83.9,4.4,16.5
WO01943,P014,plumbing,medium,open,V017,Apex Plumbing Services,86.0,93.7,4.4,11.7
WO01944,P009,general,medium,in-progress,V016,Granite General Works,72.3,78.6,4.3,24.5
WO01948,P032,general,high,in-progress,V016,Granite General Works,72.3,78.6,4.3,24.5
WO01949,P040,plumbing,medium,open,V017,Apex Plumbing Services,86.0,93.7,4.4,11.7
WO01950,P014,HVAC,emergency,open,V011,Omega Hvac Pro,79.6,83.9,4.4,16.5
WO01951,P007,plumbing,medium,in-progress,V017,Apex Plumbing Services,86.0,93.7,4.4,11.7
WO01953,P037,HVAC,high,in-progress,V011,Omega Hvac Pro,79.6,83.9,4.4,16.5
WO01954,P005,electrical,emergency,in-progress,V008,Keystone Electrical Pro,70.0,82.9,3.6,20.5
WO01955,P021,HVAC,medium,in-progress,V011,Omega Hvac Pro,79.6,83.9,4.4,16.5
WO01956,P005,plumbing,medium,open,V017,Apex Plumbing Services,86.0,93.7,4.4,11.7
WO01959,P007,HVAC,high,in-progress,V011,Omega Hvac Pro,79.6,83.9,4.4,16.5
WO01965,P018,plumbing,high,in-progress,V017,Apex Plumbing Services,86.0,93.7,4.4,11.7
WO01969,P031,electrical,high,open,V008,Keystone Electrical Pro,70.0,82.9,3.6,20.5
WO01974,P050,electrical,medium,open,V008,Keystone Electrical Pro,70.0,82.9,3.6,20.5
WO01975,P002,general,medium,in-progress,V016,Granite General Works,72.3,78.6,4.3,24.5
WO01977,P030,electrical,medium,in-progress,V008,Keystone Electrical Pro,70.0,82.9,3.6,20.5
WO01979,P004,electrical,low,open,V008,Keystone Electrical Pro,70.0,82.9,3.6,20.5
WO01983,P018,electrical,low,open,V008,Keystone Electrical Pro,70.0,82.9,3.6,20.5
WO01984,P004,electrical,low,in-progress,V008,Keystone Electrical Pro,70.0,82.9,3.6,20.5
WO01985,P031,plumbing,high,in-progress,V017,Apex Plumbing Services,86.0,93.7,4.4,11.7
WO01986,P032,plumbing,low,in-progress,V017,Apex Plumbing Services,86.0,93.7,4.4,11.7
WO01990,P014,general,high,open,V016,Granite General Works,72.3,78.6,4.3,24.5
WO01996,P038,plumbing,high,in-progress,V017,Apex Plumbing Services,86.0,93.7,4.4,11.7
WO02000,P014,electrical,medium,open,V008,Keystone Electrical Pro,70.0,82.9,3.6,20.5
WO02006,P050,plumbing,medium,open,V017,Apex Plumbing Services,86.0,93.7,4.4,11.7
WO02008,P014,HVAC,high,open,V011,Omega Hvac Pro,79.6,83.9,4.4,16.5
WO02012,P033,plumbing,emergency,in-progress,V017,Apex Plumbing Services,86.0,93.7,4.4,11.7
WO02019,P037,electrical,high,open,V008,Keystone Electrical Pro,70.0,82.9,3.6,20.5
WO02028,P028,HVAC,high,open,V011,Omega Hvac Pro,79.6,83.9,4.4,16.5
WO02036,P045,HVAC,low,open,V011,Omega Hvac Pro,79.6,83.9,4.4,16.5
WO02042,P005,HVAC,low,in-progress,V011,Omega Hvac Pro,79.6,83.9,4.4,16.5
WO02043,P014,HVAC,low,open,V011,Omega Hvac Pro,79.6,83.9,4.4,16.5
WO02045,P009,plumbing,low,in-progress,V017,Apex Plumbing Services,86.0,93.7,4.4,11.7
WO02047,P031,HVAC,medium,open,V011,Omega Hvac Pro,79.6,83.9,4.4,16.5
WO02055,P029,plumbing,low,open,V017,Apex Plumbing Services,86.0,93.7,4.4,11.7
WO02061,P038,electrical,medium,in-progress,V008,Keystone Electrical Pro,70.0,82.9,3.6,20.5
WO02065,P029,general,medium,in-progress,V016,Granite General Works,72.3,78.6,4.3,24.5
WO02066,P027,general,medium,open,V016,Granite General Works,72.3,78.6,4.3,24.5
WO02067,P029,plumbing,low,in-progress,V017,Apex Plumbing Services,86.0,93.7,4.4,11.7
WO02072,P040,electrical,high,in-progress,V008,Keystone Electrical Pro,70.0,82.9,3.6,20.5
WO02073,P012,plumbing,medium,open,V017,Apex Plumbing Services,86.0,93.7,4.4,11.7
WO02074,P028,general,medium,open,V016,Granite General Works,72.3,78.6,4.3,24.5
WO02079,P029,HVAC,medium,in-progress,V011,Omega Hvac Pro,79.6,83.9,4.4,16.5
WO02083,P007,electrical,medium,in-progress,V008,Keystone Electrical Pro,70.0,82.9,3.6,20.5
WO02084,P046,electrical,medium,open,V008,Keystone Electrical Pro,70.0,82.9,3.6,20.5
WO02091,P002,plumbing,emergency,open,V017,Apex Plumbing Services,86.0,93.7,4.4,11.7
WO02093,P029,plumbing,medium,in-progress,V017,Apex Plumbing Services,86.0,93.7,4.4,11.7
WO02096,P040,general,low,open,V016,Granite General Works,72.3,78.6,4.3,24.5
WO02097,P007,HVAC,low,in-progress,V011,Omega Hvac Pro,79.6,83.9,4.4,16.5
WO02102,P027,plumbing,low,open,V017,Apex Plumbing Services,86.0,93.7,4.4,11.7
WO02104,P028,general,emergency,in-progress,V016,Granite General Works,72.3,78.6,4.3,24.5
WO02107,P004,general,low,in-progress,V016,Granite General Works,72.3,78.6,4.3,24.5
WO02109,P002,HVAC,low,in-progress,V011,Omega Hvac Pro,79.6,83.9,4.4,16.5
WO02110,P028,plumbing,medium,in-progress,V017,Apex Plumbing Services,86.0,93.7,4.4,11.7
WO02112,P037,HVAC,low,in-progress,V011,Omega Hvac Pro,79.6,83.9,4.4,16.5
WO02118,P028,plumbing,low,in-progress,V017,Apex Plumbing Services,86.0,93.7,4.4,11.7
WO02121,P031,general,high,open,V016,Granite General Works,72.3,78.6,4.3,24.5
WO02123,P032,HVAC,emergency,in-progress,V011,Omega Hvac Pro,79.6,83.9,4.4,16.5
WO02125,P042,HVAC,medium,in-progress,V011,Omega Hvac Pro,79.6,83.9,4.4,16.5
WO02129,P016,HVAC,medium,open,V011,Omega Hvac Pro,79.6,83.9,4.4,16.5
WO02130,P018,electrical,medium,open,V008,Keystone Electrical Pro,70.0,82.9,3.6,20.5
WO02132,P021,HVAC,medium,open,V011,Omega Hvac Pro,79.6,83.9,4.4,16.5
WO02135,P029,general,medium,in-progress,V016,Granite General Works,72.3,78.6,4.3,24.5
WO02136,P031,electrical,medium,open,V008,Keystone Electrical Pro,70.0,82.9,3.6,20.5
WO02137,P005,plumbing,medium,in-progress,V017,Apex Plumbing Services,86.0,93.7,4.4,11.7
WO02138,P016,electrical,high,in-progress,V008,Keystone Electrical Pro,70.0,82.9,3.6,20.5
WO02144,P043,general,high,open,V016,Granite General Works,72.3,78.6,4.3,24.5
WO02145,P040,electrical,low,open,V008,Keystone Electrical Pro,70.0,82.9,3.6,20.5
WO02148,P022,plumbing,medium,in-progress,V017,Apex Plumbing Services,86.0,93.7,4.4,11.7
WO02150,P007,general,emergency,in-progress,V016,Granite General Works,72.3,78.6,4.3,24.5
WO02151,P002,general,low,in-progress,V016,Granite General Works,72.3,78.6,4.3,24.5
WO02152,P021,plumbing,high,in-progress,V017,Apex Plumbing Services,86.0,93.7,4.4,11.7
WO02153,P007,HVAC,medium,open,V011,Omega Hvac Pro,79.6,83.9,4.4,16.5
WO02156,P003,HVAC,medium,open,V011,Omega Hvac Pro,79.6,83.9,4.4,16.5
WO02157,P032,HVAC,high,open,V011,Omega Hvac Pro,79.6,83.9,4.4,16.5
WO02161,P021,general,high,in-progress,V016,Granite General Works,72.3,78.6,4.3,24.5
WO02163,P039,electrical,medium,in-progress,V008,Keystone Electrical Pro,70.0,82.9,3.6,20.5
WO02167,P007,HVAC,medium,open,V011,Omega Hvac Pro,79.6,83.9,4.4,16.5
WO02172,P002,electrical,medium,in-progress,V008,Keystone Electrical Pro,70.0,82.9,3.6,20.5
WO02177,P032,HVAC,medium,in-progress,V011,Omega Hvac Pro,79.6,83.9,4.4,16.5
WO02178,P010,electrical,medium,open,V008,Keystone Electrical Pro,70.0,82.9,3.6,20.5
WO02181,P029,electrical,low,open,V008,Keystone Electrical Pro,70.0,82.9,3.6,20.5
WO02183,P025,general,medium,open,V016,Granite General Works,72.3,78.6,4.3,24.5
WO02187,P040,HVAC,medium,in-progress,V011,Omega Hvac Pro,79.6,83.9,4.4,16.5
WO02188,P014,electrical,high,in-progress,V008,Keystone Electrical Pro,70.0,82.9,3.6,20.5
WO02191,P042,general,low,open,V016,Granite General Works,72.3,78.6,4.3,24.5
WO02194,P032,HVAC,medium,open,V011,Omega Hvac Pro,79.6,83.9,4.4,16.5
WO02199,P002,HVAC,low,in-progress,V011,Omega Hvac Pro,79.6,83.9,4.4,16.5
